{
    "summonerId" : "oBBmbraK9w0uZCiWo6uv13yE3xvIno7sU52t-N4FNIvlKiKG",
    "ranks" : [ 
        {
            "leagueId" : "42f32007-dfb9-31c1-b0e7-a48695416df9",
            "queueType" : "RANKED_SOLO_5x5",
            "tier" : "MASTER",
            "rank" : "I",
            "summonerId" : "oBBmbraK9w0uZCiWo6uv13yE3xvIno7sU52t-N4FNIvlKiKG",
            "summonerName" : "Cillian Murphy",
            "leaguePoints" : 326,
            "wins" : 91,
            "losses" : 70,
            "veteran" : false,
            "inactive" : false,
            "freshBlood" : false,
            "hotStreak" : false
        }
    ]
}