matchId,id,name,result
EUW1_5636828838,1,Annie,true
EUW1_5551626630,2,Olaf,true
EUW1_5561097276,2,Olaf,true
EUW1_5628103090,2,Olaf,true
EUW1_5633950896,2,Olaf,false
EUW1_5405156356,4,Twisted Fate,true
EUW1_5174357422,6,Urgot,false
EUW1_5182804253,6,Urgot,false
EUW1_5212073283,6,Urgot,false
EUW1_5224196388,6,Urgot,true
EUW1_5274038531,6,Urgot,true
EUW1_5389164107,6,Urgot,true
EUW1_5520702529,6,Urgot,true
EUW1_5525321854,6,Urgot,false
EUW1_5549499462,6,Urgot,false
EUW1_5550357200,6,Urgot,false
EUW1_5554826806,6,Urgot,true
EUW1_5586719806,6,Urgot,true
EUW1_5594684942,6,Urgot,false
EUW1_5626393448,6,Urgot,false
EUW1_5627885508,6,Urgot,true
EUW1_5628569570,6,Urgot,false
EUW1_5630242575,6,Urgot,false
EUW1_5630689764,6,Urgot,false
EUW1_5634187817,6,Urgot,true
EUW1_5635757045,6,Urgot,false
EUW1_5639514575,6,Urgot,false
EUW1_5640239174,6,Urgot,true
EUW1_5641212804,6,Urgot,false
EUW1_5645349158,6,Urgot,false
EUW1_5646129366,6,Urgot,true
EUW1_5648797413,6,Urgot,true
EUW1_5589522557,8,Vladimir,false
EUW1_5599508075,8,Vladimir,false
EUW1_5642411143,8,Vladimir,true
EUW1_5643054878,8,Vladimir,true
EUW1_5616841970,10,Kayle,false
EUW1_5634106832,10,Kayle,false
EUW1_5636223100,10,Kayle,false
EUW1_5641612627,10,Kayle,true
EUW1_5647714506,10,Kayle,false
EUW1_5609743332,13,Ryze,false
EUW1_5613874735,13,Ryze,true
EUW1_5628051849,13,Ryze,true
EUW1_5453995871,14,Sion,true
EUW1_5528212341,14,Sion,false
EUW1_5540696416,14,Sion,false
EUW1_5579161911,14,Sion,true
EUW1_5591008409,14,Sion,false
EUW1_5601152768,14,Sion,false
EUW1_5607527020,14,Sion,true
EUW1_5616520536,14,Sion,false
EUW1_5617263070,14,Sion,false
EUW1_5620497763,14,Sion,false
EUW1_5622086809,14,Sion,false
EUW1_5629569599,14,Sion,false
EUW1_5637049718,14,Sion,false
EUW1_5637067393,14,Sion,false
EUW1_5637825180,14,Sion,false
EUW1_5643298464,14,Sion,false
EUW1_5643762878,14,Sion,true
EUW1_5646915175,14,Sion,false
EUW1_5650392655,14,Sion,false
EUW1_5156634901,17,Teemo,false
EUW1_5162422637,17,Teemo,false
EUW1_5287530023,17,Teemo,false
EUW1_5459996051,17,Teemo,true
EUW1_5485235971,17,Teemo,false
EUW1_5494436376,17,Teemo,false
EUW1_5500205102,17,Teemo,true
EUW1_5516241344,17,Teemo,true
EUW1_5524228061,17,Teemo,false
EUW1_5546505434,17,Teemo,true
EUW1_5549755223,17,Teemo,false
EUW1_5555697197,17,Teemo,true
EUW1_5556841735,17,Teemo,false
EUW1_5567651599,17,Teemo,false
EUW1_5581766280,17,Teemo,false
EUW1_5594969297,17,Teemo,false
EUW1_5598845392,17,Teemo,false
EUW1_5602695383,17,Teemo,false
EUW1_5605779955,17,Teemo,false
EUW1_5605879439,17,Teemo,false
EUW1_5607103203,17,Teemo,true
EUW1_5618753217,17,Teemo,false
EUW1_5624192797,17,Teemo,false
EUW1_5629814142,17,Teemo,true
EUW1_5630317020,17,Teemo,true
EUW1_5633470556,17,Teemo,true
EUW1_5634445965,17,Teemo,false
EUW1_5637803138,17,Teemo,false
EUW1_5638200552,17,Teemo,true
EUW1_5638548532,17,Teemo,true
EUW1_5638651355,17,Teemo,false
EUW1_5639227535,17,Teemo,false
EUW1_5642636207,17,Teemo,false
EUW1_5649328188,17,Teemo,false
EUW1_5174914137,18,Tristana,false
EUW1_5577153313,19,Warwick,true
EUW1_5618225554,19,Warwick,true
EUW1_5624485374,19,Warwick,false
EUW1_5639933899,19,Warwick,false
EUW1_5281060503,23,Tryndamere,false
EUW1_5389052988,23,Tryndamere,true
EUW1_5473388675,23,Tryndamere,false
EUW1_5497456494,23,Tryndamere,false
EUW1_5527049584,23,Tryndamere,true
EUW1_5542164148,23,Tryndamere,true
EUW1_5544908954,23,Tryndamere,true
EUW1_5573207478,23,Tryndamere,true
EUW1_5574453660,23,Tryndamere,false
EUW1_5575500770,23,Tryndamere,true
EUW1_5585446270,23,Tryndamere,false
EUW1_5603900066,23,Tryndamere,false
EUW1_5605606825,23,Tryndamere,false
EUW1_5608776842,23,Tryndamere,false
EUW1_5610587932,23,Tryndamere,false
EUW1_5615201655,23,Tryndamere,false
EUW1_5630714413,23,Tryndamere,false
EUW1_5631407804,23,Tryndamere,false
EUW1_5631544861,23,Tryndamere,false
EUW1_5635196522,23,Tryndamere,true
EUW1_5635902908,23,Tryndamere,true
EUW1_5636545119,23,Tryndamere,true
EUW1_5636969772,23,Tryndamere,true
EUW1_5638042736,23,Tryndamere,false
EUW1_5638738406,23,Tryndamere,false
EUW1_5641263434,23,Tryndamere,false
EUW1_5641468169,23,Tryndamere,false
EUW1_5641843857,23,Tryndamere,false
EUW1_5642291022,23,Tryndamere,true
EUW1_5644927584,23,Tryndamere,true
EUW1_5644976599,23,Tryndamere,false
EUW1_5652059146,23,Tryndamere,true
EUW1_5654459330,23,Tryndamere,false
EUW1_5654877792,23,Tryndamere,true
EUW1_5271021826,24,Jax,false
EUW1_5356479881,24,Jax,true
EUW1_5445595581,24,Jax,false
EUW1_5484403887,24,Jax,true
EUW1_5487486914,24,Jax,true
EUW1_5495753665,24,Jax,false
EUW1_5511327128,24,Jax,true
EUW1_5512648829,24,Jax,true
EUW1_5559501837,24,Jax,false
EUW1_5599309061,24,Jax,true
EUW1_5603533375,24,Jax,true
EUW1_5605186729,24,Jax,true
EUW1_5606373009,24,Jax,false
EUW1_5607594206,24,Jax,true
EUW1_5619177609,24,Jax,true
EUW1_5622599360,24,Jax,false
EUW1_5624086433,24,Jax,true
EUW1_5624566244,24,Jax,false
EUW1_5624779299,24,Jax,false
EUW1_5628567195,24,Jax,true
EUW1_5630909148,24,Jax,false
EUW1_5632484707,24,Jax,false
EUW1_5634340169,24,Jax,false
EUW1_5635618662,24,Jax,false
EUW1_5636279549,24,Jax,true
EUW1_5636645658,24,Jax,false
EUW1_5636797109,24,Jax,false
EUW1_5638589765,24,Jax,false
EUW1_5639086124,24,Jax,false
EUW1_5640035495,24,Jax,false
EUW1_5645369285,24,Jax,false
EUW1_5648896524,24,Jax,false
EUW1_5651202266,24,Jax,false
EUW1_5602258570,25,Morgana,true
EUW1_5500168937,27,Singed,false
EUW1_5565348129,27,Singed,true
EUW1_5574454818,27,Singed,true
EUW1_5633018214,27,Singed,false
EUW1_5637237990,27,Singed,true
EUW1_5180529893,31,Cho'Gath,true
EUW1_5456453432,31,Cho'Gath,false
EUW1_5561758050,31,Cho'Gath,true
EUW1_5564726654,31,Cho'Gath,false
EUW1_5609932575,31,Cho'Gath,true
EUW1_5613620290,31,Cho'Gath,false
EUW1_5627235947,31,Cho'Gath,false
EUW1_5630347793,31,Cho'Gath,false
EUW1_5637059637,31,Cho'Gath,true
EUW1_5642901841,31,Cho'Gath,false
EUW1_5266923925,32,Amumu,false
EUW1_5390386537,36,Dr. Mundo,false
EUW1_5449729965,36,Dr. Mundo,false
EUW1_5472429450,36,Dr. Mundo,true
EUW1_5545289052,36,Dr. Mundo,true
EUW1_5550499024,36,Dr. Mundo,false
EUW1_5580225555,36,Dr. Mundo,true
EUW1_5626152009,36,Dr. Mundo,true
EUW1_5631349220,36,Dr. Mundo,true
EUW1_5632770953,36,Dr. Mundo,false
EUW1_5635199021,36,Dr. Mundo,false
EUW1_5649145802,36,Dr. Mundo,true
EUW1_5649645156,36,Dr. Mundo,true
EUN1_3011272150,39,Irelia,false
EUW1_5373514365,39,Irelia,true
EUW1_5421578428,39,Irelia,true
EUW1_5563529527,39,Irelia,true
EUW1_5574467244,39,Irelia,true
EUW1_5579156264,39,Irelia,false
EUW1_5584185479,39,Irelia,true
EUW1_5585647224,39,Irelia,false
EUW1_5610636602,39,Irelia,false
EUW1_5610863538,39,Irelia,false
EUW1_5613810241,39,Irelia,false
EUW1_5616246525,39,Irelia,false
EUW1_5616526710,39,Irelia,false
EUW1_5617415274,39,Irelia,true
EUW1_5618511004,39,Irelia,true
EUW1_5619693475,39,Irelia,false
EUW1_5622606646,39,Irelia,false
EUW1_5622902676,39,Irelia,false
EUW1_5623274598,39,Irelia,false
EUW1_5631727448,39,Irelia,false
EUW1_5633310149,39,Irelia,true
EUW1_5633378928,39,Irelia,false
EUW1_5633553283,39,Irelia,true
EUW1_5634616254,39,Irelia,true
EUW1_5635774754,39,Irelia,true
EUW1_5636606129,39,Irelia,true
EUW1_5637545443,39,Irelia,true
EUW1_5637560412,39,Irelia,true
EUW1_5638542318,39,Irelia,false
EUW1_5639598161,39,Irelia,true
EUW1_5641461388,39,Irelia,true
EUW1_5643300098,39,Irelia,true
EUW1_5647669369,39,Irelia,true
EUW1_5478828289,41,Gangplank,true
EUW1_5529281757,41,Gangplank,true
EUW1_5540229881,41,Gangplank,true
EUW1_5593136184,41,Gangplank,true
EUW1_5596420580,41,Gangplank,true
EUW1_5601878605,41,Gangplank,true
EUW1_5607638970,41,Gangplank,false
EUW1_5626927657,41,Gangplank,false
EUW1_5628392989,41,Gangplank,false
EUW1_5631044516,41,Gangplank,false
EUW1_5637159790,41,Gangplank,false
EUW1_5637769521,41,Gangplank,true
EUW1_5643210321,41,Gangplank,true
EUW1_5649759423,42,Corki,true
EUW1_5626349551,43,Karma,true
EUW1_5638536930,45,Veigar,false
EUW1_5608001713,48,Trundle,false
EUW1_5611272698,48,Trundle,true
EUW1_5626060287,48,Trundle,false
EUW1_5633704584,48,Trundle,true
EUW1_5638202556,50,Swain,false
EUW1_5642649988,51,Caitlyn,true
EUW1_5155927916,54,Malphite,true
EUW1_5297190115,54,Malphite,true
EUW1_5367751430,54,Malphite,true
EUW1_5486981737,54,Malphite,true
EUW1_5600716691,54,Malphite,true
EUW1_5611896050,54,Malphite,false
EUW1_5632223502,54,Malphite,true
EUW1_5636352087,54,Malphite,true
EUW1_5637147889,54,Malphite,true
EUW1_5638701802,54,Malphite,true
EUW1_5639039507,54,Malphite,true
EUW1_5640196198,54,Malphite,true
EUW1_5641623725,54,Malphite,false
EUW1_5644921769,54,Malphite,false
EUW1_5227339359,62,Wukong,true
EUW1_5236820441,62,Wukong,false
EUW1_5344187431,62,Wukong,false
EUW1_5449428039,62,Wukong,false
EUW1_5536794112,62,Wukong,true
EUW1_5546658062,62,Wukong,true
EUW1_5557308837,62,Wukong,false
EUW1_5575904548,62,Wukong,false
EUW1_5577680938,62,Wukong,true
EUW1_5620982517,62,Wukong,true
EUW1_5622577627,62,Wukong,false
EUW1_5623822197,62,Wukong,true
EUW1_5626209674,62,Wukong,true
EUW1_5629926156,62,Wukong,false
EUW1_5631716966,62,Wukong,true
EUW1_5643681942,62,Wukong,false
EUW1_5572704428,64,Lee Sin,false
EUW1_5642325883,64,Lee Sin,false
EUW1_5160384928,67,Vayne,false
EUW1_5330925709,67,Vayne,true
EUW1_5453119001,67,Vayne,false
EUW1_5591160898,67,Vayne,true
EUW1_5618465469,67,Vayne,false
EUW1_5621987447,67,Vayne,false
EUW1_5636408450,67,Vayne,true
EUW1_5638756569,67,Vayne,true
EUW1_5642860565,67,Vayne,true
EUW1_5645640608,67,Vayne,false
EUW1_5646041655,67,Vayne,false
EUW1_5126368282,68,Rumble,true
EUW1_5582675961,68,Rumble,true
EUW1_5586872623,68,Rumble,true
EUW1_5626515066,68,Rumble,false
EUW1_5627850897,68,Rumble,true
EUW1_5646585643,68,Rumble,false
EUW1_5660551290,68,Rumble,true
EUW1_5641825365,69,Cassiopeia,true
EUW1_5591396576,74,Heimerdinger,true
EUW1_5373554383,75,Nasus,true
EUW1_5487253882,75,Nasus,false
EUW1_5521018553,75,Nasus,true
EUW1_5524140246,75,Nasus,true
EUW1_5537509561,75,Nasus,false
EUW1_5541605089,75,Nasus,true
EUW1_5570500432,75,Nasus,false
EUW1_5586476774,75,Nasus,true
EUW1_5614613885,75,Nasus,false
EUW1_5626024094,75,Nasus,true
EUW1_5626328231,75,Nasus,true
EUW1_5637132260,75,Nasus,false
EUW1_5638202224,75,Nasus,false
EUW1_5643009096,75,Nasus,false
EUW1_5647418282,75,Nasus,true
EUW1_5582259348,78,Poppy,false
EUW1_5599070742,79,Gragas,true
EUW1_5609732192,79,Gragas,true
EUW1_5632627921,79,Gragas,false
EUW1_5633437898,79,Gragas,true
EUW1_5639484622,79,Gragas,true
EUW1_5641865697,79,Gragas,false
EUW1_5643488872,79,Gragas,false
EUW1_5648053629,79,Gragas,true
EUW1_5264021869,80,Pantheon,false
EUW1_5524074900,80,Pantheon,true
EUW1_5626472703,80,Pantheon,true
EUW1_5631158488,80,Pantheon,false
EUW1_5632795773,80,Pantheon,true
EUW1_5637033896,80,Pantheon,false
EUW1_5644092105,80,Pantheon,false
EUW1_5227286637,82,Mordekaiser,false
EUW1_5280001436,82,Mordekaiser,false
EUW1_5294090711,82,Mordekaiser,false
EUW1_5307174631,82,Mordekaiser,true
EUW1_5333344944,82,Mordekaiser,false
EUW1_5407910037,82,Mordekaiser,false
EUW1_5442016707,82,Mordekaiser,false
EUW1_5483850949,82,Mordekaiser,true
EUW1_5552150241,82,Mordekaiser,false
EUW1_5566016000,82,Mordekaiser,false
EUW1_5566366041,82,Mordekaiser,false
EUW1_5573284824,82,Mordekaiser,true
EUW1_5577364564,82,Mordekaiser,true
EUW1_5581210129,82,Mordekaiser,true
EUW1_5590141180,82,Mordekaiser,false
EUW1_5617204800,82,Mordekaiser,true
EUW1_5621678132,82,Mordekaiser,true
EUW1_5633088430,82,Mordekaiser,false
EUW1_5634695497,82,Mordekaiser,true
EUW1_5634728757,82,Mordekaiser,false
EUW1_5635599854,82,Mordekaiser,false
EUW1_5637106113,82,Mordekaiser,false
EUW1_5637587903,82,Mordekaiser,false
EUW1_5637729030,82,Mordekaiser,true
EUW1_5638697828,82,Mordekaiser,false
EUW1_5640958287,82,Mordekaiser,true
EUW1_5642559218,82,Mordekaiser,false
EUW1_5647922835,82,Mordekaiser,true
EUW1_5650386302,82,Mordekaiser,true
EUW1_5655925089,82,Mordekaiser,true
EUW1_5108469310,83,Yorick,false
EUW1_5334781878,83,Yorick,false
EUW1_5382386168,83,Yorick,false
EUW1_5399166557,83,Yorick,false
EUW1_5568244872,83,Yorick,false
EUW1_5626022967,83,Yorick,false
EUW1_5630998774,83,Yorick,false
EUW1_5644786017,83,Yorick,false
EUW1_5353028445,84,Akali,true
EUW1_5547299601,84,Akali,true
EUW1_5584643581,84,Akali,false
EUW1_5592184856,84,Akali,false
EUW1_5605284825,84,Akali,true
EUW1_5619417745,84,Akali,false
EUW1_5623351885,84,Akali,false
EUW1_5624654132,84,Akali,true
EUW1_5627860729,84,Akali,true
EUW1_5629608996,84,Akali,false
EUW1_5630515741,84,Akali,false
EUW1_5631938887,84,Akali,true
EUW1_5633345207,84,Akali,true
EUW1_5636467744,84,Akali,true
EUW1_5641461679,84,Akali,false
EUW1_5642344106,84,Akali,true
EUW1_5642671154,84,Akali,false
EUW1_5644571765,84,Akali,false
EUW1_5647744566,84,Akali,true
EUW1_5650898803,84,Akali,false
EUW1_5520533492,85,Kennen,false
EUW1_5547538559,85,Kennen,false
EUW1_5550194542,85,Kennen,true
EUW1_5562459193,85,Kennen,false
EUW1_5562666288,85,Kennen,false
EUW1_5589343018,85,Kennen,false
EUW1_5603972633,85,Kennen,false
EUW1_5604022813,85,Kennen,false
EUW1_5625844045,85,Kennen,false
EUW1_5635035180,85,Kennen,false
EUW1_5640974788,85,Kennen,true
EUW1_5641936303,85,Kennen,false
EUW1_5156523863,86,Garen,false
EUW1_5226036640,86,Garen,true
EUW1_5262807378,86,Garen,false
EUW1_5264033080,86,Garen,true
EUW1_5432055437,86,Garen,false
EUW1_5439325341,86,Garen,true
EUW1_5448418117,86,Garen,false
EUW1_5451072060,86,Garen,false
EUW1_5459603539,86,Garen,false
EUW1_5472438002,86,Garen,true
EUW1_5490425628,86,Garen,false
EUW1_5497334651,86,Garen,false
EUW1_5553577680,86,Garen,false
EUW1_5567152327,86,Garen,true
EUW1_5575817214,86,Garen,false
EUW1_5611204815,86,Garen,true
EUW1_5620221292,86,Garen,true
EUW1_5620529533,86,Garen,false
EUW1_5634216966,86,Garen,true
EUW1_5635879649,86,Garen,false
EUW1_5635947601,86,Garen,true
EUW1_5638473253,86,Garen,false
EUW1_5638743325,86,Garen,false
EUW1_5641727252,86,Garen,true
EUW1_5644807196,86,Garen,false
EUW1_5645795558,86,Garen,true
EUW1_5646307910,86,Garen,false
EUW1_5647042597,86,Garen,false
EUW1_5647893654,86,Garen,false
EUW1_5649312022,86,Garen,false
EUW1_5649732328,86,Garen,false
EUW1_5312901553,92,Riven,true
EUW1_5327848727,92,Riven,false
EUW1_5411125770,92,Riven,true
EUW1_5448738081,92,Riven,false
EUW1_5483410909,92,Riven,true
EUW1_5497007759,92,Riven,false
EUW1_5532816768,92,Riven,true
EUW1_5536425671,92,Riven,false
EUW1_5537933837,92,Riven,true
EUW1_5548354036,92,Riven,false
EUW1_5566684786,92,Riven,true
EUW1_5575760528,92,Riven,false
EUW1_5583500572,92,Riven,true
EUW1_5591195790,92,Riven,false
EUW1_5608559473,92,Riven,false
EUW1_5614270291,92,Riven,true
EUW1_5616093218,92,Riven,true
EUW1_5616307410,92,Riven,false
EUW1_5621989245,92,Riven,false
EUW1_5625282013,92,Riven,false
EUW1_5628178453,92,Riven,false
EUW1_5628539148,92,Riven,false
EUW1_5628856280,92,Riven,true
EUW1_5629354308,92,Riven,true
EUW1_5631525219,92,Riven,true
EUW1_5635118798,92,Riven,true
EUW1_5636539156,92,Riven,false
EUW1_5637089119,92,Riven,true
EUW1_5639775110,92,Riven,false
EUW1_5642821235,92,Riven,false
EUW1_5644528003,92,Riven,false
EUW1_5644725299,92,Riven,true
EUW1_5636316253,96,Kog'Maw,true
EUW1_5180704992,98,Shen,false
EUW1_5275263153,98,Shen,false
EUW1_5299741591,98,Shen,true
EUW1_5348202789,98,Shen,true
EUW1_5508873523,98,Shen,false
EUW1_5563084444,98,Shen,false
EUW1_5571365393,98,Shen,false
EUW1_5599417884,98,Shen,false
EUW1_5621012009,98,Shen,true
EUW1_5621920217,98,Shen,true
EUW1_5622802205,98,Shen,false
EUW1_5624097487,98,Shen,true
EUW1_5625138253,98,Shen,true
EUW1_5636273861,98,Shen,false
EUW1_5636375421,98,Shen,false
EUW1_5637640766,98,Shen,false
EUW1_5641812688,98,Shen,false
EUW1_5459432492,99,Lux,false
EUW1_5634112120,101,Xerath,true
EUW1_5627521240,102,Shyvana,false
EUW1_5508967207,104,Graves,true
EUW1_5528088604,104,Graves,true
EUW1_5538935422,104,Graves,false
EUW1_5562726162,104,Graves,true
EUW1_5574363748,104,Graves,false
EUW1_5576660313,104,Graves,false
EUW1_5580208586,104,Graves,false
EUW1_5605883127,104,Graves,true
EUW1_5620839226,104,Graves,true
EUW1_5637026456,104,Graves,false
EUW1_5637095988,104,Graves,true
EUW1_5637315258,104,Graves,true
EUW1_5637683144,104,Graves,true
EUW1_5640213225,104,Graves,false
EUW1_5642878431,104,Graves,true
EUW1_5643250024,104,Graves,false
EUW1_5643766379,104,Graves,false
EUW1_5645215267,104,Graves,true
EUW1_5647880943,104,Graves,false
EUW1_5647938124,104,Graves,false
EUW1_5225573455,106,Volibear,false
EUW1_5539856204,106,Volibear,false
EUW1_5566842291,106,Volibear,false
EUW1_5575870941,106,Volibear,true
EUW1_5577649080,106,Volibear,false
EUW1_5579536757,106,Volibear,false
EUW1_5616424177,106,Volibear,true
EUW1_5636169570,106,Volibear,true
EUW1_5639602661,106,Volibear,true
EUW1_5641874034,106,Volibear,true
EUW1_5555019805,107,Rengar,true
EUW1_5607225136,107,Rengar,false
EUW1_5617521830,107,Rengar,true
EUW1_5632239931,107,Rengar,false
EUW1_5644027602,107,Rengar,false
EUW1_5592783071,112,Viktor,false
EUW1_5619791683,113,Sejuani,false
EUW1_5232413881,114,Fiora,false
EUW1_5488521971,114,Fiora,false
EUW1_5576927790,114,Fiora,false
EUW1_5579137927,114,Fiora,false
EUW1_5583347999,114,Fiora,true
EUW1_5586530660,114,Fiora,true
EUW1_5593830658,114,Fiora,true
EUW1_5602711380,114,Fiora,false
EUW1_5615593011,114,Fiora,true
EUW1_5616942434,114,Fiora,false
EUW1_5617038928,114,Fiora,false
EUW1_5618523241,114,Fiora,false
EUW1_5618874461,114,Fiora,false
EUW1_5619619610,114,Fiora,true
EUW1_5620125823,114,Fiora,false
EUW1_5620346100,114,Fiora,false
EUW1_5622026861,114,Fiora,false
EUW1_5622792694,114,Fiora,true
EUW1_5625272538,114,Fiora,true
EUW1_5635616895,114,Fiora,true
EUW1_5637714913,114,Fiora,true
EUW1_5639925649,114,Fiora,false
EUW1_5642206617,114,Fiora,true
EUW1_5645685880,114,Fiora,true
EUW1_5579096272,119,Draven,false
EUW1_5133639933,122,Darius,false
EUW1_5340469038,122,Darius,false
EUW1_5349395636,122,Darius,false
EUW1_5368565023,122,Darius,false
EUW1_5429465110,122,Darius,true
EUW1_5520841890,122,Darius,false
EUW1_5569866711,122,Darius,false
EUW1_5574524543,122,Darius,true
EUW1_5580053535,122,Darius,true
EUW1_5581695707,122,Darius,false
EUW1_5604255104,122,Darius,true
EUW1_5605127243,122,Darius,true
EUW1_5609802032,122,Darius,true
EUW1_5611111989,122,Darius,true
EUW1_5615342209,122,Darius,true
EUW1_5625123540,122,Darius,true
EUW1_5625541197,122,Darius,false
EUW1_5626361406,122,Darius,false
EUW1_5626958531,122,Darius,true
EUW1_5627122002,122,Darius,false
EUW1_5628594134,122,Darius,true
EUW1_5629461787,122,Darius,false
EUW1_5630330326,122,Darius,true
EUW1_5635759036,122,Darius,true
EUW1_5637444221,122,Darius,true
EUW1_5639131229,122,Darius,false
EUW1_5640491261,122,Darius,true
EUW1_5663310418,122,Darius,false
EUW1_5363844961,126,Jayce,false
EUW1_5416363868,126,Jayce,false
EUW1_5564935700,126,Jayce,false
EUW1_5575184529,126,Jayce,false
EUW1_5579991264,126,Jayce,false
EUW1_5592988892,126,Jayce,true
EUW1_5594563000,126,Jayce,true
EUW1_5609197953,126,Jayce,true
EUW1_5626977411,126,Jayce,true
EUW1_5627972429,126,Jayce,false
EUW1_5628726681,126,Jayce,false
EUW1_5632255847,126,Jayce,false
EUW1_5632983992,126,Jayce,true
EUW1_5634216072,126,Jayce,false
EUW1_5637194073,126,Jayce,true
EUW1_5637609352,126,Jayce,false
EUW1_5640677922,126,Jayce,false
EUW1_5641743927,126,Jayce,true
EUW1_5642178818,126,Jayce,false
EUW1_5642436013,126,Jayce,true
EUW1_5642922075,126,Jayce,true
EUW1_5644560688,126,Jayce,false
EUW1_5607388271,127,Lissandra,true
EUW1_5581760202,131,Diana,false
EUW1_5350579680,133,Quinn,true
EUW1_5577604264,133,Quinn,false
EUW1_5599687343,133,Quinn,true
EUW1_5625294959,133,Quinn,false
EUW1_5629926156,133,Quinn,false
EUW1_5632993039,133,Quinn,false
EUW1_5149741048,150,Gnar,true
EUW1_5364403197,150,Gnar,true
EUW1_5431188160,150,Gnar,false
EUW1_5549632099,150,Gnar,false
EUW1_5585682540,150,Gnar,true
EUW1_5588145445,150,Gnar,false
EUW1_5598497699,150,Gnar,true
EUW1_5608549205,150,Gnar,false
EUW1_5623602463,150,Gnar,true
EUW1_5633142935,150,Gnar,true
EUW1_5633334032,150,Gnar,true
EUW1_5636360472,150,Gnar,true
EUW1_5646576439,150,Gnar,true
EUW1_5611484199,154,Zac,false
EUW1_5638857165,154,Zac,false
EUW1_5131451869,157,Yasuo,true
EUW1_5227234901,157,Yasuo,true
EUW1_5441482063,157,Yasuo,true
EUW1_5444565312,157,Yasuo,false
EUW1_5520445501,157,Yasuo,false
EUW1_5572091930,157,Yasuo,true
EUW1_5584515235,157,Yasuo,true
EUW1_5588018719,157,Yasuo,true
EUW1_5605642945,157,Yasuo,true
EUW1_5614491388,157,Yasuo,true
EUW1_5620041589,157,Yasuo,true
EUW1_5620667653,157,Yasuo,true
EUW1_5621922640,157,Yasuo,true
EUW1_5622574410,157,Yasuo,false
EUW1_5623896056,157,Yasuo,false
EUW1_5627235947,157,Yasuo,false
EUW1_5639004560,157,Yasuo,true
EUW1_5640125917,157,Yasuo,false
EUW1_5642588695,157,Yasuo,false
EUW1_5643763000,157,Yasuo,false
EUW1_5646855749,157,Yasuo,false
EUW1_5351770372,164,Camille,false
EUW1_5451471507,164,Camille,false
EUW1_5463292204,164,Camille,false
EUW1_5519374254,164,Camille,true
EUW1_5521051573,164,Camille,false
EUW1_5528758448,164,Camille,true
EUW1_5533015536,164,Camille,false
EUW1_5541833126,164,Camille,false
EUW1_5551112165,164,Camille,false
EUW1_5566747967,164,Camille,true
EUW1_5570629572,164,Camille,true
EUW1_5572257665,164,Camille,true
EUW1_5579589125,164,Camille,true
EUW1_5581205981,164,Camille,true
EUW1_5598548586,164,Camille,false
EUW1_5601905632,164,Camille,true
EUW1_5602907108,164,Camille,true
EUW1_5603118001,164,Camille,false
EUW1_5607178096,164,Camille,true
EUW1_5610817486,164,Camille,false
EUW1_5610961687,164,Camille,true
EUW1_5613672818,164,Camille,false
EUW1_5613901165,164,Camille,true
EUW1_5614611179,164,Camille,false
EUW1_5615005023,164,Camille,false
EUW1_5616521707,164,Camille,true
EUW1_5617162365,164,Camille,true
EUW1_5618010002,164,Camille,true
EUW1_5618024267,164,Camille,false
EUW1_5618978416,164,Camille,false
EUW1_5619988685,164,Camille,true
EUW1_5620118450,164,Camille,true
EUW1_5622942459,164,Camille,false
EUW1_5624212036,164,Camille,false
EUW1_5624846728,164,Camille,false
EUW1_5627364494,164,Camille,false
EUW1_5629225583,164,Camille,false
EUW1_5634117725,164,Camille,false
EUW1_5636114159,164,Camille,true
EUW1_5637109189,164,Camille,false
EUW1_5637178606,164,Camille,false
EUW1_5637345260,164,Camille,false
EUW1_5641785782,164,Camille,false
EUW1_5644293442,164,Camille,true
EUW1_5647531501,164,Camille,false
EUW1_5568083563,166,Akshan,true
EUW1_5598453834,166,Akshan,true
EUW1_5632636323,166,Akshan,false
EUW1_5636436345,166,Akshan,true
EUW1_5444811652,223,Tahm Kench,true
EUW1_5517070552,223,Tahm Kench,true
EUW1_5532332180,223,Tahm Kench,false
EUW1_5532880602,223,Tahm Kench,false
EUW1_5558902761,223,Tahm Kench,false
EUW1_5570363753,223,Tahm Kench,true
EUW1_5596064999,223,Tahm Kench,false
EUW1_5607806599,223,Tahm Kench,false
EUW1_5619273906,223,Tahm Kench,true
EUW1_5619855933,223,Tahm Kench,true
EUW1_5628929490,223,Tahm Kench,true
EUW1_5630937306,223,Tahm Kench,false
EUW1_5631418616,223,Tahm Kench,false
EUW1_5633475627,223,Tahm Kench,false
EUW1_5637354888,223,Tahm Kench,false
EUW1_5637686330,223,Tahm Kench,true
EUW1_5639535401,223,Tahm Kench,false
EUW1_5641011822,223,Tahm Kench,true
EUW1_5643413884,223,Tahm Kench,true
EUW1_5645616153,223,Tahm Kench,true
EUW1_5664090074,223,Tahm Kench,true
EUW1_5174799967,234,Viego,true
EUW1_5278187986,234,Viego,true
EUW1_5636012303,234,Viego,true
EUW1_5653091753,234,Viego,false
EUW1_5642875222,236,Lucian,false
EUW1_5592005416,238,Zed,false
EUW1_5162325243,240,Kled,false
EUW1_5546874494,240,Kled,false
EUW1_5615867835,240,Kled,true
EUW1_5622134140,240,Kled,false
EUW1_5639370094,240,Kled,true
EUW1_5643197403,246,Qiyana,false
EUW1_5625284855,254,Vi,false
EUW1_5631175038,254,Vi,false
EUW1_5451221287,266,Aatrox,true
EUW1_5458746788,266,Aatrox,false
EUW1_5514240519,266,Aatrox,false
EUW1_5534087755,266,Aatrox,true
EUW1_5543501230,266,Aatrox,false
EUW1_5557231063,266,Aatrox,true
EUW1_5599784271,266,Aatrox,true
EUW1_5600368810,266,Aatrox,false
EUW1_5619765359,266,Aatrox,false
EUW1_5632521077,266,Aatrox,false
EUW1_5644875940,266,Aatrox,false
EUW1_5603987442,267,Nami,true
EUW1_5638216861,360,Samira,true
EUW1_5158056070,420,Illaoi,false
EUW1_5341283877,420,Illaoi,true
EUW1_5453093404,420,Illaoi,false
EUW1_5585287897,420,Illaoi,false
EUW1_5601797986,420,Illaoi,true
EUW1_5612422612,420,Illaoi,false
EUW1_5620618267,420,Illaoi,false
EUW1_5631749104,420,Illaoi,false
EUW1_5644489823,420,Illaoi,false
EUW1_5648844372,420,Illaoi,true
EUW1_5577680938,497,Rakan,true
EUW1_5164879477,516,Ornn,true
EUW1_5588365880,516,Ornn,false
EUW1_5588964583,516,Ornn,false
EUW1_5592322106,516,Ornn,true
EUW1_5619073471,516,Ornn,false
EUW1_5632672428,516,Ornn,true
EUW1_5633626310,516,Ornn,false
EUW1_5637463874,516,Ornn,false
EUW1_5650091970,516,Ornn,true
EUW1_5652805143,516,Ornn,true
EUW1_5550723435,517,Sylas,true
EUW1_5617062393,517,Sylas,false
EUW1_5629906532,517,Sylas,true
EUW1_5633439450,517,Sylas,true
EUW1_5641579151,555,Pyke,true
EUW1_5475834296,711,Vex,true
EUW1_5488075703,777,Yone,false
EUW1_5504428399,777,Yone,true
EUW1_5562851918,777,Yone,true
EUW1_5564871267,777,Yone,true
EUW1_5576818822,777,Yone,true
EUW1_5601041914,777,Yone,false
EUW1_5605336263,777,Yone,true
EUW1_5607126301,777,Yone,false
EUW1_5610593529,777,Yone,false
EUW1_5612139090,777,Yone,true
EUW1_5613296461,777,Yone,false
EUW1_5616053854,777,Yone,true
EUW1_5617239944,777,Yone,true
EUW1_5619990521,777,Yone,false
EUW1_5620354475,777,Yone,true
EUW1_5621248735,777,Yone,false
EUW1_5621291769,777,Yone,true
EUW1_5622410245,777,Yone,true
EUW1_5625591374,777,Yone,false
EUW1_5627142516,777,Yone,false
EUW1_5628446901,777,Yone,true
EUW1_5630893620,777,Yone,false
EUW1_5631316317,777,Yone,true
EUW1_5631660054,777,Yone,true
EUW1_5633651221,777,Yone,false
EUW1_5634331343,777,Yone,false
EUW1_5634685000,777,Yone,false
EUW1_5635905666,777,Yone,true
EUW1_5636131642,777,Yone,true
EUW1_5638233780,777,Yone,false
EUW1_5638648588,777,Yone,false
EUW1_5639960089,777,Yone,true
EUW1_5642837591,777,Yone,true
EUW1_5643160213,777,Yone,true
EUW1_5643324366,777,Yone,false
EUW1_5643628766,777,Yone,false
EUW1_5645070974,777,Yone,true
EUW1_5652474471,777,Yone,true
EUW1_5326725587,875,Sett,false
EUW1_5338619237,875,Sett,true
EUW1_5352895772,875,Sett,true
EUW1_5385900121,875,Sett,true
EUW1_5387944388,875,Sett,false
EUW1_5398971085,875,Sett,false
EUW1_5418700742,875,Sett,true
EUW1_5517995762,875,Sett,false
EUW1_5560440260,875,Sett,false
EUW1_5562979085,875,Sett,false
EUW1_5564280651,875,Sett,false
EUW1_5568161453,875,Sett,false
EUW1_5576715579,875,Sett,true
EUW1_5585398029,875,Sett,false
EUW1_5585953907,875,Sett,false
EUW1_5586060465,875,Sett,false
EUW1_5589497673,875,Sett,true
EUW1_5607658887,875,Sett,true
EUW1_5612232929,875,Sett,true
EUW1_5612276016,875,Sett,true
EUW1_5615986576,875,Sett,true
EUW1_5618082417,875,Sett,false
EUW1_5620378107,875,Sett,false
EUW1_5620738596,875,Sett,true
EUW1_5621942923,875,Sett,true
EUW1_5623542899,875,Sett,false
EUW1_5631877097,875,Sett,false
EUW1_5633347296,875,Sett,false
EUW1_5633584848,875,Sett,false
EUW1_5633738793,875,Sett,false
EUW1_5634469523,875,Sett,false
EUW1_5634504143,875,Sett,true
EUW1_5636436893,875,Sett,false
EUW1_5637102898,875,Sett,true
EUW1_5637188863,875,Sett,true
EUW1_5638208578,875,Sett,true
EUW1_5639286088,875,Sett,false
EUW1_5639383229,875,Sett,false
EUW1_5639782799,875,Sett,false
EUW1_5641035421,875,Sett,true
EUW1_5641369388,875,Sett,true
EUW1_5644641061,875,Sett,false
EUW1_5645731211,875,Sett,false
EUW1_5646383577,875,Sett,true
EUW1_5646829081,875,Sett,true
EUW1_5650599571,875,Sett,true
EUW1_5652909882,875,Sett,false
EUW1_5653058813,875,Sett,false
EUW1_5653548974,875,Sett,false
EUW1_5498722737,876,Lillia,false
EUW1_5500100925,876,Lillia,false
EUW1_5657871962,876,Lillia,true
EUW1_5312674568,887,Gwen,true
EUW1_5322908615,887,Gwen,true
EUW1_5385611022,887,Gwen,false
EUW1_5541828182,887,Gwen,true
EUW1_5569127346,887,Gwen,true
EUW1_5571870518,887,Gwen,true
EUW1_5600074650,887,Gwen,true
EUW1_5615856779,887,Gwen,false
EUW1_5617811440,887,Gwen,false
EUW1_5632467155,887,Gwen,true
EUW1_5641504768,887,Gwen,false
EUW1_5650106396,887,Gwen,true
