matchid,champion_id,victory,name,tier
EUW1_5126368282,11,true,Master Yi,SILVER     
EUW1_5127802547,11,true,Master Yi,IRON       
EUW1_5136150260,11,true,Master Yi,IRON       
EUW1_5146440712,11,false,Master Yi,IRON       
EUW1_5160227833,11,true,Master Yi,MASTER     
EUW1_5172011640,11,true,Master Yi,IRON       
EUW1_5179131080,11,true,Master Yi,IRON       
EUW1_5184951203,11,false,Master Yi,BRONZE     
EUW1_5185596002,11,false,Master Yi,SILVER     
EUW1_5197018262,11,false,Master Yi,BRONZE     
EUW1_5197357531,11,false,Master Yi,SILVER     
EUW1_5202240019,11,true,Master Yi,IRON       
EUW1_5205991888,11,true,Master Yi,GOLD       
EUW1_5206495806,11,true,Master Yi,IRON       
EUW1_5214727631,11,true,Master Yi,PLATINUM   
EUW1_5214787205,11,false,Master Yi,BRONZE     
EUW1_5242713595,11,false,Master Yi,IRON       
EUW1_5250498984,11,true,Master Yi,SILVER     
EUW1_5253898108,11,true,Master Yi,IRON       
EUW1_5254441582,11,false,Master Yi,PLATINUM   
EUW1_5256054450,11,false,Master Yi,SILVER     
EUW1_5256262649,11,false,Master Yi,PLATINUM   
EUW1_5257246087,11,false,Master Yi,PLATINUM   
EUW1_5266394936,11,false,Master Yi,GOLD       
EUW1_5275107974,11,true,Master Yi,SILVER     
EUW1_5275224764,11,false,Master Yi,GOLD       
EUW1_5277058804,11,false,Master Yi,BRONZE     
EUW1_5279899536,11,true,Master Yi,PLATINUM   
EUW1_5279925707,11,true,Master Yi,SILVER     
EUW1_5279974045,11,true,Master Yi,GOLD       
EUW1_5280963305,11,false,Master Yi,BRONZE     
EUW1_5289621481,11,true,Master Yi,DIAMOND    
EUW1_5298999861,11,true,Master Yi,IRON       
EUW1_5304462443,11,false,Master Yi,BRONZE     
EUW1_5312901553,11,true,Master Yi,GOLD       
EUW1_5330925709,11,true,Master Yi,SILVER     
EUW1_5331000011,11,true,Master Yi,BRONZE     
EUW1_5343478147,11,true,Master Yi,BRONZE     
EUW1_5344299979,11,false,Master Yi,IRON       
EUW1_5346564607,11,false,Master Yi,PLATINUM   
EUW1_5346695474,11,false,Master Yi,BRONZE     
EUW1_5351866290,11,true,Master Yi,BRONZE     
EUW1_5352871678,11,false,Master Yi,BRONZE     
EUW1_5358302089,11,false,Master Yi,IRON       
EUW1_5361768986,11,false,Master Yi,IRON       
EUW1_5363716032,11,true,Master Yi,IRON       
EUW1_5363807449,11,true,Master Yi,BRONZE     
EUW1_5371874774,11,false,Master Yi,BRONZE     
EUW1_5380255486,11,false,Master Yi,IRON       
EUW1_5385837577,11,false,Master Yi,BRONZE     
EUW1_5385931030,11,true,Master Yi,IRON       
EUW1_5387496134,11,false,Master Yi,SILVER     
EUW1_5390880901,11,true,Master Yi,BRONZE     
EUW1_5391912304,11,true,Master Yi,IRON       
EUW1_5393525857,11,true,Master Yi,IRON       
EUW1_5396567979,11,true,Master Yi,IRON       
EUW1_5399280211,11,true,Master Yi,IRON       
EUW1_5406279542,11,true,Master Yi,BRONZE     
EUW1_5406630964,11,false,Master Yi,IRON       
EUW1_5407910037,11,false,Master Yi,BRONZE     
EUW1_5416236351,11,false,Master Yi,BRONZE     
EUW1_5417931735,11,true,Master Yi,BRONZE     
EUW1_5424522300,11,true,Master Yi,BRONZE     
EUW1_5429251383,11,false,Master Yi,IRON       
EUW1_5429465110,11,true,Master Yi,BRONZE     
EUW1_5433879304,11,true,Master Yi,IRON       
EUW1_5433945505,11,true,Master Yi,IRON       
EUW1_5434112115,11,false,Master Yi,BRONZE     
EUW1_5436278499,11,false,Master Yi,IRON       
EUW1_5441511212,11,false,Master Yi,PLATINUM   
EUW1_5442016707,11,true,Master Yi,SILVER     
EUW1_5442050152,11,false,Master Yi,IRON       
EUW1_5444449329,11,false,Master Yi,GOLD       
EUW1_5446254477,11,false,Master Yi,BRONZE     
EUW1_5449948187,11,false,Master Yi,BRONZE     
EUW1_5451051654,11,false,Master Yi,GOLD       
EUW1_5453748531,11,true,Master Yi,IRON       
EUW1_5453748650,11,true,Master Yi,BRONZE     
EUW1_5455721683,11,true,Master Yi,IRON       
EUW1_5458427455,11,false,Master Yi,GOLD       
EUW1_5458548424,11,false,Master Yi,IRON       
EUW1_5461234063,11,false,Master Yi,IRON       
EUW1_5461838902,11,true,Master Yi,BRONZE     
EUW1_5463720352,11,false,Master Yi,BRONZE     
EUW1_5466728441,11,true,Master Yi,IRON       
EUW1_5468976330,11,true,Master Yi,BRONZE     
EUW1_5469925729,11,true,Master Yi,BRONZE     
EUW1_5471151947,11,false,Master Yi,GOLD       
EUW1_5474879957,11,false,Master Yi,BRONZE     
EUW1_5475872557,11,false,Master Yi,GOLD       
EUW1_5478327991,11,false,Master Yi,IRON       
EUW1_5479917328,11,true,Master Yi,IRON       
EUW1_5482787388,11,false,Master Yi,SILVER     
EUW1_5483117750,11,true,Master Yi,PLATINUM   
EUW1_5483410909,11,true,Master Yi,DIAMOND    
EUW1_5483725920,11,false,Master Yi,BRONZE     
EUW1_5485835859,11,true,Master Yi,BRONZE     
EUW1_5485920493,11,true,Master Yi,IRON       
EUW1_5486211915,11,true,Master Yi,BRONZE     
EUW1_5489265466,11,false,Master Yi,SILVER     
EUW1_5489505387,11,true,Master Yi,SILVER     
EUW1_5491520091,11,true,Master Yi,IRON       
EUW1_5491522164,11,true,Master Yi,GOLD       
EUW1_5492479801,11,false,Master Yi,IRON       
EUW1_5497574019,11,false,Master Yi,IRON       
EUW1_5498053905,11,false,Master Yi,BRONZE     
EUW1_5500439038,11,true,Master Yi,IRON       
EUW1_5501178907,11,false,Master Yi,BRONZE     
EUW1_5501697866,11,true,Master Yi,IRON       
EUW1_5502878290,11,true,Master Yi,IRON       
EUW1_5503492575,11,true,Master Yi,SILVER     
EUW1_5503607750,11,true,Master Yi,GOLD       
EUW1_5504766402,11,false,Master Yi,BRONZE     
EUW1_5507080572,11,true,Master Yi,GOLD       
EUW1_5518474744,11,false,Master Yi,IRON       
EUW1_5519748518,11,true,Master Yi,IRON       
EUW1_5521141009,11,false,Master Yi,PLATINUM   
EUW1_5521177515,11,false,Master Yi,BRONZE     
EUW1_5521215984,11,true,Master Yi,PLATINUM   
EUW1_5523673633,11,false,Master Yi,SILVER     
EUW1_5523797115,11,true,Master Yi,BRONZE     
EUW1_5523832367,11,false,Master Yi,BRONZE     
EUW1_5524066993,11,true,Master Yi,SILVER     
EUW1_5524733248,11,true,Master Yi,SILVER     
EUW1_5525278576,11,true,Master Yi,DIAMOND    
EUW1_5525424922,11,true,Master Yi,SILVER     
EUW1_5525562712,11,false,Master Yi,SILVER     
EUW1_5525820438,11,true,Master Yi,PLATINUM   
EUW1_5526961713,11,false,Master Yi,SILVER     
EUW1_5527153698,11,false,Master Yi,IRON       
EUW1_5527624895,11,false,Master Yi,IRON       
EUW1_5527910807,11,false,Master Yi,BRONZE     
EUW1_5529121668,11,true,Master Yi,MASTER     
EUW1_5529317397,11,true,Master Yi,BRONZE     
EUW1_5529435221,11,false,Master Yi,BRONZE     
EUW1_5529717859,11,false,Master Yi,BRONZE     
EUW1_5529720516,11,false,Master Yi,BRONZE     
EUW1_5530657530,11,false,Master Yi,SILVER     
EUW1_5530777002,11,false,Master Yi,IRON       
EUW1_5530864806,11,true,Master Yi,SILVER     
EUW1_5531587507,11,true,Master Yi,GOLD       
EUW1_5531695346,11,false,Master Yi,IRON       
EUW1_5532184435,11,true,Master Yi,IRON       
EUW1_5533021015,11,false,Master Yi,BRONZE     
EUW1_5534294389,11,true,Master Yi,PLATINUM   
EUW1_5534351329,11,true,Master Yi,SILVER     
EUW1_5535178646,11,true,Master Yi,IRON       
EUW1_5536774363,11,false,Master Yi,BRONZE     
EUW1_5536990465,11,false,Master Yi,GOLD       
EUW1_5537423476,11,false,Master Yi,IRON       
EUW1_5537975956,11,false,Master Yi,BRONZE     
EUW1_5538160143,11,false,Master Yi,PLATINUM   
EUW1_5538273388,11,true,Master Yi,GOLD       
EUW1_5538473343,11,false,Master Yi,IRON       
EUW1_5539852491,11,true,Master Yi,BRONZE     
EUW1_5539856204,11,true,Master Yi,GOLD       
EUW1_5539874566,11,true,Master Yi,BRONZE     
EUW1_5539996979,11,false,Master Yi,IRON       
EUW1_5540373584,11,true,Master Yi,BRONZE     
EUW1_5541391240,11,false,Master Yi,IRON       
EUW1_5542257300,11,false,Master Yi,GOLD       
EUW1_5542953671,11,true,Master Yi,GOLD       
EUW1_5547142104,11,true,Master Yi,BRONZE     
EUW1_5547414043,11,true,Master Yi,BRONZE     
EUW1_5548621249,11,true,Master Yi,IRON       
EUW1_5549449747,11,true,Master Yi,DIAMOND    
EUW1_5549552890,11,false,Master Yi,MASTER     
EUW1_5551646542,11,true,Master Yi,GOLD       
EUW1_5554802519,11,false,Master Yi,BRONZE     
EUW1_5554835117,11,false,Master Yi,MASTER     
EUW1_5555302498,11,true,Master Yi,GOLD       
EUW1_5555900331,11,false,Master Yi,BRONZE     
EUW1_5556913198,11,true,Master Yi,GOLD       
EUW1_5556919097,11,false,Master Yi,GOLD       
EUW1_5557085473,11,true,Master Yi,SILVER     
EUW1_5557192086,11,false,Master Yi,GOLD       
EUW1_5557219797,11,false,Master Yi,GOLD       
EUW1_5557517679,11,false,Master Yi,IRON       
EUW1_5557754037,11,false,Master Yi,GOLD       
EUW1_5558657881,11,true,Master Yi,SILVER     
EUW1_5558814227,11,true,Master Yi,GOLD       
EUW1_5559239729,11,true,Master Yi,GOLD       
EUW1_5559413987,11,false,Master Yi,SILVER     
EUW1_5559535825,11,true,Master Yi,GOLD       
EUW1_5559543818,11,true,Master Yi,BRONZE     
EUW1_5559621467,11,false,Master Yi,GOLD       
EUW1_5560414066,11,true,Master Yi,PLATINUM   
EUW1_5560749241,11,false,Master Yi,GOLD       
EUW1_5560875905,11,false,Master Yi,GOLD       
EUW1_5562374165,11,false,Master Yi,GOLD       
EUW1_5562391056,11,true,Master Yi,GOLD       
EUW1_5562648683,11,false,Master Yi,GOLD       
EUW1_5563615101,11,false,Master Yi,GOLD       
EUW1_5564373275,11,true,Master Yi,IRON       
EUW1_5564399750,11,false,Master Yi,GOLD       
EUW1_5564475729,11,true,Master Yi,GOLD       
EUW1_5564608397,11,false,Master Yi,GOLD       
EUW1_5564633256,11,false,Master Yi,IRON       
EUW1_5564782219,11,false,Master Yi,GOLD       
EUW1_5565076750,11,false,Master Yi,BRONZE     
EUW1_5565151241,11,false,Master Yi,PLATINUM   
EUW1_5566024644,11,true,Master Yi,GOLD       
EUW1_5566981467,11,false,Master Yi,PLATINUM   
EUW1_5567028334,11,true,Master Yi,DIAMOND    
EUW1_5567204766,11,true,Master Yi,GOLD       
EUW1_5567407374,11,false,Master Yi,IRON       
EUW1_5567717916,11,false,Master Yi,BRONZE     
EUW1_5568046034,11,true,Master Yi,BRONZE     
EUW1_5568056262,11,true,Master Yi,BRONZE     
EUW1_5568256328,11,true,Master Yi,BRONZE     
EUW1_5569188172,11,true,Master Yi,DIAMOND    
EUW1_5569703919,11,true,Master Yi,GOLD       
EUW1_5570105936,11,false,Master Yi,GOLD       
EUW1_5570363753,11,false,Master Yi,GOLD       
EUW1_5570448651,11,true,Master Yi,GOLD       
EUW1_5570774933,11,false,Master Yi,GOLD       
EUW1_5570929023,11,true,Master Yi,IRON       
EUW1_5571223526,11,false,Master Yi,PLATINUM   
EUW1_5571236521,11,false,Master Yi,SILVER     
EUW1_5571594655,11,false,Master Yi,MASTER     
EUW1_5572047235,11,false,Master Yi,BRONZE     
EUW1_5572050950,11,false,Master Yi,IRON       
EUW1_5572264283,11,false,Master Yi,PLATINUM   
EUW1_5572268260,11,true,Master Yi,GOLD       
EUW1_5572323093,11,true,Master Yi,DIAMOND    
EUW1_5572748483,11,true,Master Yi,BRONZE     
EUW1_5573096859,11,false,Master Yi,GOLD       
EUW1_5573400272,11,false,Master Yi,GOLD       
EUW1_5573683442,11,true,Master Yi,IRON       
EUW1_5573870938,11,false,Master Yi,BRONZE     
EUW1_5573946957,11,false,Master Yi,IRON       
EUW1_5574687404,11,true,Master Yi,IRON       
EUW1_5575221587,11,true,Master Yi,IRON       
EUW1_5575278064,11,false,Master Yi,MASTER     
EUW1_5575316011,11,true,Master Yi,BRONZE     
EUW1_5575877024,11,true,Master Yi,IRON       
EUW1_5577604264,11,true,Master Yi,IRON       
EUW1_5577792441,11,true,Master Yi,IRON       
EUW1_5578474027,11,true,Master Yi,IRON       
EUW1_5578854117,11,false,Master Yi,MASTER     
EUW1_5578925640,11,true,Master Yi,GOLD       
EUW1_5579104499,11,true,Master Yi,BRONZE     
EUW1_5579126614,11,true,Master Yi,GOLD       
EUW1_5579363413,11,false,Master Yi,PLATINUM   
EUW1_5580067301,11,true,Master Yi,BRONZE     
EUW1_5580557375,11,false,Master Yi,IRON       
EUW1_5580759327,11,true,Master Yi,BRONZE     
EUW1_5581184570,11,false,Master Yi,IRON       
EUW1_5581780253,11,true,Master Yi,IRON       
EUW1_5582324819,11,false,Master Yi,PLATINUM   
EUW1_5582974327,11,true,Master Yi,GOLD       
EUW1_5583495009,11,true,Master Yi,SILVER     
EUW1_5583551289,11,true,Master Yi,GOLD       
EUW1_5583877608,11,true,Master Yi,PLATINUM   
EUW1_5584087393,11,true,Master Yi,IRON       
EUW1_5585202782,11,false,Master Yi,BRONZE     
EUW1_5585822254,11,true,Master Yi,IRON       
EUW1_5586134380,11,false,Master Yi,MASTER     
EUW1_5586164006,11,false,Master Yi,DIAMOND    
EUW1_5586554415,11,false,Master Yi,GOLD       
EUW1_5587122481,11,true,Master Yi,BRONZE     
EUW1_5587190872,11,false,Master Yi,MASTER     
EUW1_5587505757,11,false,Master Yi,BRONZE     
EUW1_5587995210,11,false,Master Yi,PLATINUM   
EUW1_5588405968,11,false,Master Yi,DIAMOND    
EUW1_5588903068,11,true,Master Yi,BRONZE     
EUW1_5589102736,11,true,Master Yi,IRON       
EUW1_5590089482,11,false,Master Yi,DIAMOND    
EUW1_5590482832,11,false,Master Yi,MASTER     
EUW1_5591376224,11,false,Master Yi,BRONZE     
EUW1_5591521585,11,true,Master Yi,IRON       
EUW1_5591570523,11,true,Master Yi,BRONZE     
EUW1_5591887371,11,true,Master Yi,IRON       
EUW1_5592648215,11,false,Master Yi,DIAMOND    
EUW1_5593157089,11,true,Master Yi,BRONZE     
EUW1_5593477598,11,true,Master Yi,SILVER     
EUW1_5594064368,11,false,Master Yi,IRON       
EUW1_5594511340,11,true,Master Yi,DIAMOND    
EUW1_5594577054,11,false,Master Yi,SILVER     
EUW1_5594643842,11,false,Master Yi,BRONZE     
EUW1_5594834944,11,false,Master Yi,BRONZE     
EUW1_5595115045,11,false,Master Yi,MASTER     
EUW1_5595365779,11,false,Master Yi,MASTER     
EUW1_5595394940,11,true,Master Yi,DIAMOND    
EUW1_5596375678,11,true,Master Yi,GOLD       
EUW1_5596403127,11,false,Master Yi,SILVER     
EUW1_5597511843,11,true,Master Yi,SILVER     
EUW1_5597723150,11,true,Master Yi,BRONZE     
EUW1_5598358608,11,false,Master Yi,IRON       
EUW1_5598406182,11,true,Master Yi,IRON       
EUW1_5598414740,11,true,Master Yi,BRONZE     
EUW1_5598470325,11,false,Master Yi,BRONZE     
EUW1_5598516609,11,false,Master Yi,IRON       
EUW1_5598828701,11,false,Master Yi,BRONZE     
EUW1_5598893992,11,true,Master Yi,BRONZE     
EUW1_5599044321,11,false,Master Yi,IRON       
EUW1_5599161168,11,true,Master Yi,IRON       
EUW1_5599357266,11,true,Master Yi,IRON       
EUW1_5599566370,11,false,Master Yi,IRON       
EUW1_5599664324,11,true,Master Yi,IRON       
EUW1_5599871224,11,true,Master Yi,BRONZE     
EUW1_5600486238,11,false,Master Yi,BRONZE     
EUW1_5601116427,11,true,Master Yi,IRON       
EUW1_5601513733,11,true,Master Yi,MASTER     
EUW1_5601716814,11,false,Master Yi,MASTER     
EUW1_5601785773,11,true,Master Yi,IRON       
EUW1_5602318053,11,false,Master Yi,BRONZE     
EUW1_5602342487,11,true,Master Yi,IRON       
EUW1_5602354320,11,false,Master Yi,MASTER     
EUW1_5602933064,11,true,Master Yi,IRON       
EUW1_5603557575,11,true,Master Yi,MASTER     
EUW1_5603843337,11,false,Master Yi,BRONZE     
EUW1_5604076896,11,false,Master Yi,MASTER     
EUW1_5604471547,11,false,Master Yi,BRONZE     
EUW1_5604533332,11,true,Master Yi,DIAMOND    
EUW1_5604535570,11,true,Master Yi,PLATINUM   
EUW1_5604606272,11,true,Master Yi,IRON       
EUW1_5604615062,11,false,Master Yi,GOLD       
EUW1_5604616706,11,false,Master Yi,BRONZE     
EUW1_5604618643,11,true,Master Yi,IRON       
EUW1_5604674546,11,true,Master Yi,IRON       
EUW1_5604926674,11,true,Master Yi,BRONZE     
EUW1_5604962599,11,false,Master Yi,IRON       
EUW1_5605131231,11,true,Master Yi,IRON       
EUW1_5605313619,11,false,Master Yi,BRONZE     
EUW1_5605423831,11,false,Master Yi,GOLD       
EUW1_5605526064,11,true,Master Yi,MASTER     
EUW1_5605642841,11,true,Master Yi,BRONZE     
EUW1_5605653621,11,false,Master Yi,BRONZE     
EUW1_5605804142,11,true,Master Yi,PLATINUM   
EUW1_5606530952,11,true,Master Yi,BRONZE     
EUW1_5607132473,11,true,Master Yi,MASTER     
EUW1_5607171877,11,false,Master Yi,MASTER     
EUW1_5607220517,11,false,Master Yi,DIAMOND    
EUW1_5607291487,11,false,Master Yi,IRON       
EUW1_5607395909,11,false,Master Yi,BRONZE     
EUW1_5607414276,11,true,Master Yi,BRONZE     
EUW1_5607430655,11,false,Master Yi,BRONZE     
EUW1_5608244332,11,true,Master Yi,BRONZE     
EUW1_5608258891,11,true,Master Yi,IRON       
EUW1_5608773927,11,false,Master Yi,BRONZE     
EUW1_5608848774,11,true,Master Yi,IRON       
EUW1_5609606794,11,true,Master Yi,BRONZE     
EUW1_5609902200,11,false,Master Yi,BRONZE     
EUW1_5610035212,11,false,Master Yi,IRON       
EUW1_5610049201,11,false,Master Yi,MASTER     
EUW1_5610091749,11,true,Master Yi,BRONZE     
EUW1_5610458494,11,true,Master Yi,IRON       
EUW1_5610670246,11,true,Master Yi,PLATINUM   
EUW1_5611032685,11,true,Master Yi,IRON       
EUW1_5611364124,11,true,Master Yi,IRON       
EUW1_5611402950,11,true,Master Yi,IRON       
EUW1_5611568706,11,true,Master Yi,SILVER     
EUW1_5611737506,11,true,Master Yi,IRON       
EUW1_5611802756,11,false,Master Yi,BRONZE     
EUW1_5612190824,11,true,Master Yi,IRON       
EUW1_5612382423,11,false,Master Yi,IRON       
EUW1_5612396468,11,true,Master Yi,BRONZE     
EUW1_5612412270,11,true,Master Yi,MASTER     
EUW1_5612564569,11,false,Master Yi,MASTER     
EUW1_5612940262,11,true,Master Yi,BRONZE     
EUW1_5613480381,11,true,Master Yi,BRONZE     
EUW1_5613574136,11,true,Master Yi,BRONZE     
EUW1_5613645652,11,true,Master Yi,IRON       
EUW1_5614095380,11,true,Master Yi,BRONZE     
EUW1_5614118881,11,true,Master Yi,MASTER     
EUW1_5614232356,11,true,Master Yi,BRONZE     
EUW1_5614818145,11,false,Master Yi,BRONZE     
EUW1_5614888376,11,false,Master Yi,IRON       
EUW1_5615065230,11,false,Master Yi,DIAMOND    
EUW1_5615086546,11,false,Master Yi,GOLD       
EUW1_5615587922,11,true,Master Yi,BRONZE     
EUW1_5615593192,11,true,Master Yi,MASTER     
EUW1_5615625240,11,true,Master Yi,DIAMOND    
EUW1_5615927218,11,false,Master Yi,BRONZE     
EUW1_5615993845,11,true,Master Yi,IRON       
EUW1_5616283388,11,true,Master Yi,IRON       
EUW1_5616848886,11,true,Master Yi,IRON       
EUW1_5616909721,11,true,Master Yi,BRONZE     
EUW1_5616935191,11,true,Master Yi,IRON       
EUW1_5616951574,11,true,Master Yi,MASTER     
EUW1_5617142968,11,false,Master Yi,DIAMOND    
EUW1_5617250744,11,false,Master Yi,IRON       
EUW1_5617277332,11,false,Master Yi,BRONZE     
EUW1_5617304925,11,false,Master Yi,PLATINUM   
EUW1_5617382866,11,true,Master Yi,PLATINUM   
EUW1_5617459319,11,true,Master Yi,BRONZE     
EUW1_5617493733,11,true,Master Yi,DIAMOND    
EUW1_5617555187,11,true,Master Yi,GOLD       
EUW1_5617570422,11,true,Master Yi,BRONZE     
EUW1_5617607413,11,false,Master Yi,BRONZE     
EUW1_5617616182,11,false,Master Yi,IRON       
EUW1_5617646579,11,true,Master Yi,BRONZE     
EUW1_5617654936,11,false,Master Yi,SILVER     
EUW1_5617729101,11,false,Master Yi,BRONZE     
EUW1_5617811440,11,true,Master Yi,BRONZE     
EUW1_5617849300,11,false,Master Yi,PLATINUM   
EUW1_5617921806,11,true,Master Yi,IRON       
EUW1_5618492738,11,false,Master Yi,BRONZE     
EUW1_5618553889,11,false,Master Yi,BRONZE     
EUW1_5618788853,11,false,Master Yi,PLATINUM   
EUW1_5618790344,11,true,Master Yi,PLATINUM   
EUW1_5618906664,11,false,Master Yi,IRON       
EUW1_5619003415,11,false,Master Yi,MASTER     
EUW1_5619278379,11,true,Master Yi,IRON       
EUW1_5619440081,11,false,Master Yi,GOLD       
EUW1_5619602671,11,true,Master Yi,MASTER     
EUW1_5619738865,11,true,Master Yi,MASTER     
EUW1_5620023618,11,true,Master Yi,GOLD       
EUW1_5620062379,11,true,Master Yi,IRON       
EUW1_5620158699,11,true,Master Yi,GOLD       
EUW1_5620218850,11,true,Master Yi,GOLD       
EUW1_5620226243,11,true,Master Yi,BRONZE     
EUW1_5620243067,11,true,Master Yi,SILVER     
EUW1_5620367434,11,false,Master Yi,GOLD       
EUW1_5620405122,11,true,Master Yi,SILVER     
EUW1_5620478425,11,true,Master Yi,DIAMOND    
EUW1_5620575084,11,true,Master Yi,BRONZE     
EUW1_5620690861,11,false,Master Yi,MASTER     
EUW1_5620834484,11,true,Master Yi,SILVER     
EUW1_5620838075,11,true,Master Yi,DIAMOND    
EUW1_5621248735,11,false,Master Yi,MASTER     
EUW1_5621294728,11,false,Master Yi,IRON       
EUW1_5621342484,11,true,Master Yi,PLATINUM   
EUW1_5621470999,11,false,Master Yi,BRONZE     
EUW1_5621547602,11,false,Master Yi,SILVER     
EUW1_5621608827,11,false,Master Yi,GOLD       
EUW1_5621673515,11,true,Master Yi,MASTER     
EUW1_5621704288,11,true,Master Yi,SILVER     
EUW1_5621732727,11,true,Master Yi,IRON       
EUW1_5621816921,11,true,Master Yi,BRONZE     
EUW1_5621822201,11,false,Master Yi,SILVER     
EUW1_5621880675,11,true,Master Yi,SILVER     
EUW1_5621899210,11,true,Master Yi,MASTER     
EUW1_5621918108,11,false,Master Yi,IRON       
EUW1_5621992723,11,true,Master Yi,BRONZE     
EUW1_5622134140,11,false,Master Yi,GOLD       
EUW1_5622197628,11,false,Master Yi,BRONZE     
EUW1_5622247489,11,false,Master Yi,GOLD       
EUW1_5622298674,11,true,Master Yi,MASTER     
EUW1_5622302681,11,true,Master Yi,BRONZE     
EUW1_5622321349,11,false,Master Yi,MASTER     
EUW1_5622407124,11,false,Master Yi,BRONZE     
EUW1_5622435353,11,true,Master Yi,IRON       
EUW1_5622455211,11,true,Master Yi,IRON       
EUW1_5622504440,11,true,Master Yi,GOLD       
EUW1_5622532468,11,true,Master Yi,BRONZE     
EUW1_5622606449,11,true,Master Yi,GOLD       
EUW1_5622640835,11,true,Master Yi,GOLD       
EUW1_5622780981,11,true,Master Yi,IRON       
EUW1_5622798136,11,false,Master Yi,IRON       
EUW1_5622888706,11,false,Master Yi,BRONZE     
EUW1_5622982207,11,true,Master Yi,IRON       
EUW1_5623063294,11,false,Master Yi,MASTER     
EUW1_5623074767,11,false,Master Yi,PLATINUM   
EUW1_5623116186,11,false,Master Yi,MASTER     
EUW1_5623168018,11,true,Master Yi,IRON       
EUW1_5623620546,11,false,Master Yi,MASTER     
EUW1_5624026129,11,false,Master Yi,PLATINUM   
EUW1_5624050514,11,false,Master Yi,IRON       
EUW1_5624068102,11,true,Master Yi,IRON       
EUW1_5624338615,11,true,Master Yi,MASTER     
EUW1_5624476630,11,false,Master Yi,PLATINUM   
EUW1_5624515766,11,false,Master Yi,IRON       
EUW1_5624584746,11,false,Master Yi,MASTER     
EUW1_5624628072,11,false,Master Yi,GRANDMASTER
EUW1_5624633786,11,false,Master Yi,IRON       
EUW1_5624674612,11,true,Master Yi,GRANDMASTER
EUW1_5624703567,11,true,Master Yi,BRONZE     
EUW1_5624794917,11,false,Master Yi,DIAMOND    
EUW1_5624846728,11,false,Master Yi,MASTER     
EUW1_5624856150,11,true,Master Yi,IRON       
EUW1_5624903322,11,true,Master Yi,DIAMOND    
EUW1_5624922518,11,false,Master Yi,BRONZE     
EUW1_5625034390,11,true,Master Yi,IRON       
EUW1_5625096502,11,true,Master Yi,BRONZE     
EUW1_5625209271,11,true,Master Yi,DIAMOND    
EUW1_5625361507,11,false,Master Yi,DIAMOND    
EUW1_5625381255,11,true,Master Yi,BRONZE     
EUW1_5625458483,11,false,Master Yi,BRONZE     
EUW1_5625529278,11,false,Master Yi,BRONZE     
EUW1_5625675318,11,false,Master Yi,DIAMOND    
EUW1_5625729335,11,false,Master Yi,IRON       
EUW1_5625861244,11,false,Master Yi,BRONZE     
EUW1_5626049275,11,false,Master Yi,BRONZE     
EUW1_5626162995,11,true,Master Yi,BRONZE     
EUW1_5626190521,11,true,Master Yi,GOLD       
EUW1_5626230367,11,false,Master Yi,SILVER     
EUW1_5626263327,11,false,Master Yi,BRONZE     
EUW1_5626267632,11,true,Master Yi,BRONZE     
EUW1_5626539173,11,true,Master Yi,IRON       
EUW1_5626653595,11,false,Master Yi,MASTER     
EUW1_5626865509,11,true,Master Yi,IRON       
EUW1_5626895005,11,false,Master Yi,MASTER     
EUW1_5626937450,11,true,Master Yi,IRON       
EUW1_5626962216,11,false,Master Yi,IRON       
EUW1_5627094791,11,true,Master Yi,IRON       
EUW1_5627198740,11,false,Master Yi,IRON       
EUW1_5627205580,11,true,Master Yi,BRONZE     
EUW1_5627235947,11,true,Master Yi,GOLD       
EUW1_5627242028,11,false,Master Yi,BRONZE     
EUW1_5627258418,11,true,Master Yi,MASTER     
EUW1_5627364494,11,true,Master Yi,MASTER     
EUW1_5627386097,11,false,Master Yi,BRONZE     
EUW1_5627443284,11,true,Master Yi,MASTER     
EUW1_5627476841,11,false,Master Yi,PLATINUM   
EUW1_5627558288,11,false,Master Yi,MASTER     
EUW1_5627693275,11,false,Master Yi,MASTER     
EUW1_5627750480,11,false,Master Yi,GOLD       
EUW1_5627776910,11,false,Master Yi,BRONZE     
EUW1_5627777419,11,true,Master Yi,IRON       
EUW1_5627848965,11,false,Master Yi,PLATINUM   
EUW1_5627927969,11,true,Master Yi,PLATINUM   
EUW1_5627944148,11,true,Master Yi,BRONZE     
EUW1_5628064693,11,false,Master Yi,MASTER     
EUW1_5628074453,11,false,Master Yi,MASTER     
EUW1_5628178453,11,true,Master Yi,IRON       
EUW1_5628202706,11,true,Master Yi,IRON       
EUW1_5628289505,11,true,Master Yi,IRON       
EUW1_5628320899,11,false,Master Yi,BRONZE     
EUW1_5628408228,11,true,Master Yi,DIAMOND    
EUW1_5628453433,11,true,Master Yi,SILVER     
EUW1_5628465207,11,true,Master Yi,BRONZE     
EUW1_5628529859,11,true,Master Yi,BRONZE     
EUW1_5628802300,11,false,Master Yi,IRON       
EUW1_5629015676,11,false,Master Yi,GOLD       
EUW1_5629028856,11,true,Master Yi,SILVER     
EUW1_5629061115,11,false,Master Yi,BRONZE     
EUW1_5629083868,11,false,Master Yi,GOLD       
EUW1_5629085422,11,false,Master Yi,MASTER     
EUW1_5629103919,11,true,Master Yi,MASTER     
EUW1_5629245733,11,true,Master Yi,BRONZE     
EUW1_5629257505,11,false,Master Yi,BRONZE     
EUW1_5629306674,11,false,Master Yi,IRON       
EUW1_5629364796,11,true,Master Yi,BRONZE     
EUW1_5629610792,11,false,Master Yi,PLATINUM   
EUW1_5629614243,11,false,Master Yi,BRONZE     
EUW1_5629618051,11,false,Master Yi,GOLD       
EUW1_5629723502,11,false,Master Yi,PLATINUM   
EUW1_5629913185,11,false,Master Yi,IRON       
EUW1_5629963502,11,true,Master Yi,SILVER     
EUW1_5630008153,11,false,Master Yi,BRONZE     
EUW1_5630100254,11,true,Master Yi,IRON       
EUW1_5630105678,11,false,Master Yi,BRONZE     
EUW1_5630247101,11,false,Master Yi,PLATINUM   
EUW1_5630263123,11,false,Master Yi,MASTER     
EUW1_5630323599,11,false,Master Yi,BRONZE     
EUW1_5630370853,11,true,Master Yi,GOLD       
EUW1_5630434393,11,false,Master Yi,IRON       
EUW1_5630458199,11,true,Master Yi,IRON       
EUW1_5630481806,11,false,Master Yi,SILVER     
EUW1_5630515226,11,false,Master Yi,BRONZE     
EUW1_5630560960,11,false,Master Yi,MASTER     
EUW1_5630676351,11,false,Master Yi,GOLD       
EUW1_5630739600,11,true,Master Yi,BRONZE     
EUW1_5630843096,11,true,Master Yi,GOLD       
EUW1_5630950520,11,true,Master Yi,IRON       
EUW1_5630972178,11,false,Master Yi,GOLD       
EUW1_5631015741,11,true,Master Yi,MASTER     
EUW1_5631065189,11,false,Master Yi,IRON       
EUW1_5631078409,11,true,Master Yi,IRON       
EUW1_5631090873,11,false,Master Yi,IRON       
EUW1_5631247340,11,false,Master Yi,IRON       
EUW1_5631294860,11,true,Master Yi,IRON       
EUW1_5631327447,11,false,Master Yi,MASTER     
EUW1_5631485352,11,true,Master Yi,GOLD       
EUW1_5631490730,11,true,Master Yi,IRON       
EUW1_5631716966,11,false,Master Yi,IRON       
EUW1_5631909400,11,false,Master Yi,IRON       
EUW1_5631947455,11,true,Master Yi,PLATINUM   
EUW1_5631969234,11,true,Master Yi,BRONZE     
EUW1_5631978838,11,true,Master Yi,PLATINUM   
EUW1_5632139181,11,true,Master Yi,IRON       
EUW1_5632269554,11,false,Master Yi,BRONZE     
EUW1_5632580822,11,false,Master Yi,MASTER     
EUW1_5632628747,11,true,Master Yi,BRONZE     
EUW1_5632634723,11,true,Master Yi,IRON       
EUW1_5632680845,11,false,Master Yi,SILVER     
EUW1_5632803780,11,true,Master Yi,SILVER     
EUW1_5632969640,11,false,Master Yi,GOLD       
EUW1_5633025361,11,false,Master Yi,BRONZE     
EUW1_5633069768,11,false,Master Yi,IRON       
EUW1_5633097836,11,true,Master Yi,IRON       
EUW1_5633117650,11,false,Master Yi,SILVER     
EUW1_5633231977,11,true,Master Yi,GOLD       
EUW1_5633331217,11,false,Master Yi,IRON       
EUW1_5633497065,11,false,Master Yi,MASTER     
EUW1_5633587280,11,false,Master Yi,MASTER     
EUW1_5633612685,11,false,Master Yi,IRON       
EUW1_5633732262,11,true,Master Yi,SILVER     
EUW1_5633962290,11,true,Master Yi,PLATINUM   
EUW1_5634136937,11,false,Master Yi,BRONZE     
EUW1_5634341159,11,true,Master Yi,DIAMOND    
EUW1_5634374782,11,false,Master Yi,GOLD       
EUW1_5634403101,11,true,Master Yi,PLATINUM   
EUW1_5634529035,11,true,Master Yi,BRONZE     
EUW1_5634682565,11,false,Master Yi,IRON       
EUW1_5634756969,11,false,Master Yi,MASTER     
EUW1_5634764380,11,true,Master Yi,PLATINUM   
EUW1_5634851426,11,false,Master Yi,IRON       
EUW1_5634881158,11,false,Master Yi,MASTER     
EUW1_5634972604,11,false,Master Yi,DIAMOND    
EUW1_5634978758,11,false,Master Yi,IRON       
EUW1_5634992399,11,true,Master Yi,IRON       
EUW1_5635594588,11,false,Master Yi,MASTER     
EUW1_5635741307,11,true,Master Yi,SILVER     
EUW1_5635919293,11,true,Master Yi,BRONZE     
EUW1_5636177924,11,true,Master Yi,IRON       
EUW1_5636200905,11,false,Master Yi,MASTER     
EUW1_5636237007,11,true,Master Yi,IRON       
EUW1_5636273861,11,false,Master Yi,BRONZE     
EUW1_5636400746,11,true,Master Yi,DIAMOND    
EUW1_5636446813,11,true,Master Yi,SILVER     
EUW1_5636498022,11,false,Master Yi,IRON       
EUW1_5636532004,11,true,Master Yi,PLATINUM   
EUW1_5636557500,11,false,Master Yi,MASTER     
EUW1_5636662742,11,false,Master Yi,IRON       
EUW1_5636671851,11,true,Master Yi,MASTER     
EUW1_5636703314,11,false,Master Yi,BRONZE     
EUW1_5636740679,11,true,Master Yi,BRONZE     
EUW1_5636753180,11,true,Master Yi,GOLD       
EUW1_5636768740,11,true,Master Yi,BRONZE     
EUW1_5636798668,11,true,Master Yi,IRON       
EUW1_5636893807,11,false,Master Yi,SILVER     
EUW1_5636947730,11,false,Master Yi,DIAMOND    
EUW1_5636949738,11,true,Master Yi,IRON       
EUW1_5636954820,11,false,Master Yi,GRANDMASTER
EUW1_5637040028,11,true,Master Yi,BRONZE     
EUW1_5637175832,11,true,Master Yi,DIAMOND    
EUW1_5637254502,11,true,Master Yi,PLATINUM   
EUW1_5637395304,11,false,Master Yi,BRONZE     
EUW1_5637484454,11,true,Master Yi,DIAMOND    
EUW1_5637527418,11,true,Master Yi,PLATINUM   
EUW1_5637530094,11,false,Master Yi,MASTER     
EUW1_5637666786,11,false,Master Yi,SILVER     
EUW1_5637674249,11,true,Master Yi,IRON       
EUW1_5637746186,11,false,Master Yi,MASTER     
EUW1_5637786935,11,false,Master Yi,MASTER     
EUW1_5637804389,11,true,Master Yi,MASTER     
EUW1_5637825180,11,true,Master Yi,BRONZE     
EUW1_5637867135,11,false,Master Yi,PLATINUM   
EUW1_5638023752,11,false,Master Yi,DIAMOND    
EUW1_5638250230,11,false,Master Yi,IRON       
EUW1_5638348692,11,true,Master Yi,BRONZE     
EUW1_5638359297,11,true,Master Yi,MASTER     
EUW1_5638394306,11,true,Master Yi,PLATINUM   
EUW1_5638402246,11,true,Master Yi,IRON       
EUW1_5638673822,11,false,Master Yi,PLATINUM   
EUW1_5638687511,11,true,Master Yi,IRON       
EUW1_5638699974,11,false,Master Yi,IRON       
EUW1_5638747333,11,false,Master Yi,GOLD       
EUW1_5638811186,11,true,Master Yi,PLATINUM   
EUW1_5638839578,11,true,Master Yi,SILVER     
EUW1_5639037685,11,true,Master Yi,BRONZE     
EUW1_5639048046,11,false,Master Yi,GRANDMASTER
EUW1_5639103657,11,true,Master Yi,IRON       
EUW1_5639117125,11,false,Master Yi,BRONZE     
EUW1_5639138483,11,true,Master Yi,BRONZE     
EUW1_5639240079,11,true,Master Yi,IRON       
EUW1_5639258638,11,true,Master Yi,SILVER     
EUW1_5639259550,11,false,Master Yi,BRONZE     
EUW1_5639310945,11,false,Master Yi,BRONZE     
EUW1_5639362157,11,false,Master Yi,BRONZE     
EUW1_5639427698,11,true,Master Yi,IRON       
EUW1_5639430143,11,true,Master Yi,BRONZE     
EUW1_5639439148,11,false,Master Yi,PLATINUM   
EUW1_5639536610,11,true,Master Yi,DIAMOND    
EUW1_5639578106,11,true,Master Yi,IRON       
EUW1_5639596232,11,true,Master Yi,IRON       
EUW1_5639614458,11,true,Master Yi,BRONZE     
EUW1_5639643306,11,true,Master Yi,SILVER     
EUW1_5639647555,11,false,Master Yi,IRON       
EUW1_5639653029,11,true,Master Yi,BRONZE     
EUW1_5639857808,11,false,Master Yi,GOLD       
EUW1_5639980921,11,true,Master Yi,IRON       
EUW1_5639982142,11,true,Master Yi,GOLD       
EUW1_5639989455,11,true,Master Yi,BRONZE     
EUW1_5640029627,11,false,Master Yi,DIAMOND    
EUW1_5640117925,11,false,Master Yi,PLATINUM   
EUW1_5640191295,11,true,Master Yi,IRON       
EUW1_5640264460,11,true,Master Yi,IRON       
EUW1_5640334638,11,true,Master Yi,IRON       
EUW1_5640595040,11,false,Master Yi,DIAMOND    
EUW1_5640613265,11,true,Master Yi,BRONZE     
EUW1_5640788674,11,false,Master Yi,IRON       
EUW1_5640848603,11,false,Master Yi,MASTER     
EUW1_5640957551,11,false,Master Yi,MASTER     
EUW1_5640979014,11,true,Master Yi,IRON       
EUW1_5640985295,11,false,Master Yi,MASTER     
EUW1_5641123642,11,false,Master Yi,MASTER     
EUW1_5641163910,11,true,Master Yi,MASTER     
EUW1_5641263434,11,false,Master Yi,BRONZE     
EUW1_5641359879,11,true,Master Yi,GOLD       
EUW1_5641377668,11,true,Master Yi,DIAMOND    
EUW1_5641415891,11,false,Master Yi,MASTER     
EUW1_5641483309,11,true,Master Yi,IRON       
EUW1_5641574804,11,true,Master Yi,GOLD       
EUW1_5641600515,11,true,Master Yi,GRANDMASTER
EUW1_5641606775,11,false,Master Yi,IRON       
EUW1_5641611833,11,false,Master Yi,IRON       
EUW1_5641715009,11,false,Master Yi,IRON       
EUW1_5641742568,11,false,Master Yi,BRONZE     
EUW1_5641744538,11,true,Master Yi,PLATINUM   
EUW1_5641838727,11,false,Master Yi,IRON       
EUW1_5641870338,11,false,Master Yi,MASTER     
EUW1_5641884105,11,false,Master Yi,MASTER     
EUW1_5641974797,11,false,Master Yi,MASTER     
EUW1_5642052058,11,false,Master Yi,BRONZE     
EUW1_5642100757,11,false,Master Yi,PLATINUM   
EUW1_5642168821,11,true,Master Yi,BRONZE     
EUW1_5642176569,11,false,Master Yi,BRONZE     
EUW1_5642226402,11,true,Master Yi,DIAMOND    
EUW1_5642276627,11,true,Master Yi,IRON       
EUW1_5642300022,11,true,Master Yi,BRONZE     
EUW1_5642304978,11,true,Master Yi,MASTER     
EUW1_5642357486,11,false,Master Yi,DIAMOND    
EUW1_5642394745,11,false,Master Yi,DIAMOND    
EUW1_5642422046,11,false,Master Yi,MASTER     
EUW1_5642459301,11,true,Master Yi,IRON       
EUW1_5642460864,11,false,Master Yi,BRONZE     
EUW1_5642561538,11,true,Master Yi,IRON       
EUW1_5642613540,11,false,Master Yi,BRONZE     
EUW1_5642769813,11,true,Master Yi,DIAMOND    
EUW1_5642790986,11,true,Master Yi,IRON       
EUW1_5642823287,11,true,Master Yi,PLATINUM   
EUW1_5642969720,11,false,Master Yi,BRONZE     
EUW1_5643030391,11,true,Master Yi,IRON       
EUW1_5643040759,11,false,Master Yi,IRON       
EUW1_5643138823,11,false,Master Yi,IRON       
EUW1_5643170097,11,true,Master Yi,MASTER     
EUW1_5643254404,11,true,Master Yi,IRON       
EUW1_5643321940,11,false,Master Yi,MASTER     
EUW1_5643338721,11,false,Master Yi,MASTER     
EUW1_5643433342,11,false,Master Yi,PLATINUM   
EUW1_5643438073,11,true,Master Yi,BRONZE     
EUW1_5643762878,11,false,Master Yi,MASTER     
EUW1_5643956109,11,false,Master Yi,MASTER     
EUW1_5644049906,11,true,Master Yi,IRON       
EUW1_5644162215,11,true,Master Yi,IRON       
EUW1_5644242932,11,true,Master Yi,BRONZE     
EUW1_5644316585,11,false,Master Yi,IRON       
EUW1_5644391745,11,true,Master Yi,MASTER     
EUW1_5644490135,11,true,Master Yi,BRONZE     
EUW1_5644491302,11,true,Master Yi,MASTER     
EUW1_5644521294,11,true,Master Yi,SILVER     
EUW1_5644527331,11,false,Master Yi,PLATINUM   
EUW1_5644533557,11,false,Master Yi,BRONZE     
EUW1_5644536941,11,false,Master Yi,BRONZE     
EUW1_5644592102,11,false,Master Yi,PLATINUM   
EUW1_5644639232,11,false,Master Yi,IRON       
EUW1_5644646520,11,true,Master Yi,IRON       
EUW1_5644672920,11,false,Master Yi,IRON       
EUW1_5644684213,11,true,Master Yi,IRON       
EUW1_5644726621,11,true,Master Yi,PLATINUM   
EUW1_5644769746,11,false,Master Yi,IRON       
EUW1_5644772811,11,false,Master Yi,IRON       
EUW1_5645043324,11,false,Master Yi,BRONZE     
EUW1_5645166932,11,false,Master Yi,BRONZE     
EUW1_5645237038,11,true,Master Yi,GOLD       
EUW1_5645290178,11,true,Master Yi,GOLD       
EUW1_5645382847,11,true,Master Yi,BRONZE     
EUW1_5645560108,11,false,Master Yi,IRON       
EUW1_5645581587,11,false,Master Yi,PLATINUM   
EUW1_5645608731,11,true,Master Yi,IRON       
EUW1_5645624089,11,true,Master Yi,IRON       
EUW1_5645675482,11,false,Master Yi,BRONZE     
EUW1_5645747667,11,false,Master Yi,PLATINUM   
EUW1_5645761943,11,true,Master Yi,IRON       
EUW1_5645822248,11,false,Master Yi,IRON       
EUW1_5645853313,11,true,Master Yi,BRONZE     
EUW1_5645956610,11,false,Master Yi,IRON       
EUW1_5646029965,11,false,Master Yi,IRON       
EUW1_5646034209,11,true,Master Yi,IRON       
EUW1_5646039145,11,false,Master Yi,BRONZE     
EUW1_5646224174,11,true,Master Yi,IRON       
EUW1_5646248850,11,true,Master Yi,IRON       
EUW1_5646271207,11,false,Master Yi,BRONZE     
EUW1_5646334742,11,true,Master Yi,DIAMOND    
EUW1_5646341671,11,true,Master Yi,BRONZE     
EUW1_5646360874,11,true,Master Yi,IRON       
EUW1_5646372670,11,false,Master Yi,IRON       
EUW1_5646404682,11,false,Master Yi,BRONZE     
EUW1_5646534660,11,false,Master Yi,BRONZE     
EUW1_5646538270,11,false,Master Yi,BRONZE     
EUW1_5646670892,11,false,Master Yi,IRON       
EUW1_5646756586,11,true,Master Yi,IRON       
EUW1_5646916342,11,false,Master Yi,BRONZE     
EUW1_5647068898,11,false,Master Yi,IRON       
EUW1_5647277297,11,false,Master Yi,BRONZE     
EUW1_5647311305,11,false,Master Yi,IRON       
EUW1_5647327156,11,false,Master Yi,BRONZE     
EUW1_5647402192,11,true,Master Yi,IRON       
EUW1_5647418875,11,false,Master Yi,IRON       
EUW1_5647430943,11,false,Master Yi,IRON       
EUW1_5647442639,11,true,Master Yi,BRONZE     
EUW1_5647479384,11,true,Master Yi,IRON       
EUW1_5647623604,11,false,Master Yi,IRON       
EUW1_5647713868,11,false,Master Yi,IRON       
EUW1_5647818818,11,true,Master Yi,BRONZE     
EUW1_5648077937,11,true,Master Yi,IRON       
EUW1_5648127039,11,true,Master Yi,BRONZE     
EUW1_5648553676,11,true,Master Yi,BRONZE     
EUW1_5648767155,11,true,Master Yi,IRON       
EUW1_5648774393,11,false,Master Yi,IRON       
EUW1_5648817374,11,true,Master Yi,IRON       
EUW1_5648830962,11,false,Master Yi,IRON       
EUW1_5648906483,11,true,Master Yi,BRONZE     
EUW1_5649007220,11,false,Master Yi,IRON       
EUW1_5649059010,11,false,Master Yi,IRON       
EUW1_5649072647,11,true,Master Yi,IRON       
EUW1_5649296073,11,false,Master Yi,BRONZE     
EUW1_5649312073,11,true,Master Yi,IRON       
EUW1_5649498921,11,true,Master Yi,IRON       
EUW1_5649645156,11,false,Master Yi,BRONZE     
EUW1_5649711359,11,false,Master Yi,BRONZE     
EUW1_5649726701,11,true,Master Yi,IRON       
EUW1_5649764563,11,false,Master Yi,IRON       
EUW1_5649807281,11,true,Master Yi,BRONZE     
EUW1_5649861937,11,true,Master Yi,BRONZE     
EUW1_5649917628,11,true,Master Yi,IRON       
EUW1_5649920150,11,false,Master Yi,IRON       
EUW1_5649967238,11,false,Master Yi,IRON       
EUW1_5649997723,11,false,Master Yi,IRON       
EUW1_5650091376,11,true,Master Yi,BRONZE     
EUW1_5650128519,11,false,Master Yi,IRON       
EUW1_5650216771,11,true,Master Yi,IRON       
EUW1_5650247600,11,false,Master Yi,IRON       
EUW1_5650266726,11,false,Master Yi,BRONZE     
EUW1_5650437876,11,true,Master Yi,IRON       
EUW1_5650503789,11,true,Master Yi,IRON       
EUW1_5650708168,11,false,Master Yi,BRONZE     
EUW1_5650946875,11,true,Master Yi,BRONZE     
EUW1_5651573014,11,true,Master Yi,BRONZE     
EUW1_5651652078,11,false,Master Yi,BRONZE     
EUW1_5652365225,11,true,Master Yi,IRON       
EUW1_5652648326,11,false,Master Yi,IRON       
EUW1_5652902269,11,false,Master Yi,IRON       
EUW1_5653452727,11,true,Master Yi,IRON       
EUW1_5654734427,11,true,Master Yi,BRONZE     
EUW1_5654780191,11,false,Master Yi,BRONZE     
EUW1_5654989984,11,false,Master Yi,BRONZE     
EUW1_5655104903,11,false,Master Yi,IRON       
EUW1_5656657620,11,false,Master Yi,BRONZE     
EUW1_5656962086,11,true,Master Yi,IRON       
EUW1_5657449633,11,true,Master Yi,BRONZE     
EUW1_5657935964,11,false,Master Yi,BRONZE     
EUW1_5658159188,11,true,Master Yi,IRON       
EUW1_5658166657,11,true,Master Yi,BRONZE     
EUW1_5658549354,11,true,Master Yi,BRONZE     
EUW1_5658829343,11,false,Master Yi,SILVER     
EUW1_5659252029,11,true,Master Yi,IRON       
EUW1_5660098060,11,true,Master Yi,BRONZE     
EUW1_5660980599,11,false,Master Yi,BRONZE     
EUW1_5661267357,11,true,Master Yi,BRONZE     
EUW1_5661427995,11,true,Master Yi,IRON       
EUW1_5661528742,11,true,Master Yi,BRONZE     
EUW1_5661591018,11,false,Master Yi,BRONZE     
EUW1_5663581432,11,false,Master Yi,BRONZE     
EUW1_5663795293,11,true,Master Yi,IRON       
